date,gilt,bund,ust
2024-01-02,3.6775789912965395,2.13,3.95
2024-01-03,3.7113626775201354,2.1,3.91
2024-01-04,3.747406800551545,2.1,3.99
2024-01-05,3.7868557254814674,2.19,4.05
2024-01-08,3.807817689099867,2.2,4.01
2024-01-09,3.8168849260282514,2.22,4.02
2024-01-10,3.8374062379077536,2.2,4.04
2024-01-11,3.8790979597342705,2.22,3.98
2024-01-12,3.8448416391893674,2.19,3.96
2024-01-16,3.8556450476897566,2.24,4.07
2024-01-17,4.009464467227739,2.27,4.1
2024-01-18,3.977540195006187,2.32,4.14
2024-01-19,3.961278597115487,2.33,4.15
2024-01-22,3.9276822737091406,2.3,4.11
2024-01-23,4.0145013441396555,2.32,4.14
2024-01-24,4.038680932578365,2.33,4.18
2024-01-25,4.011460861460934,2.38,4.14
2024-01-26,4.016913345615037,2.27,4.15
2024-01-29,3.9479747330423898,2.25,4.08
2024-01-30,3.9554598590299612,2.25,4.06
2024-01-31,3.842683173703975,2.23,3.99
2024-02-01,3.782769887191197,2.22,3.87
2024-02-02,3.951382746021944,2.19,4.03
2024-02-05,4.068133458461241,2.3,4.17
2024-02-06,3.9770304683110247,2.34,4.09
2024-02-07,3.9956824697775937,2.3,4.09
2024-02-08,4.07087715925296,2.32,4.15
2024-02-09,4.111369120337436,2.37,4.17
2024-02-12,4.094110946589703,2.37,4.17
2024-02-13,4.1564585150672215,2.38,4.31
2024-02-14,4.080469971721365,2.38,4.27
2024-02-15,4.071507989863671,2.33,4.24
2024-02-16,4.12697897935163,2.4,4.3
2024-02-20,4.075054319353495,2.4,4.27
2024-02-21,4.110436774305739,2.41,4.32
2024-02-22,4.109167684455302,2.46,4.33
2024-02-23,4.071386433350407,2.48,4.26
2024-02-26,4.0935469074319535,2.38,4.28
2024-02-27,4.1329043449441105,2.43,4.31
2024-02-28,4.135566955090634,2.46,4.27
2024-02-29,4.073469223234289,2.51,4.25
2024-03-01,4.052548934536207,2.42,4.19
2024-03-04,4.082763333716257,2.4,4.22
2024-03-05,3.9553255018409708,2.39,4.13
2024-03-06,3.958527863785527,2.37,4.11
2024-03-07,3.9555340691319336,2.33,4.09
2024-03-08,3.9338576985435667,2.28,4.09
2024-03-11,3.923296335036374,2.28,4.1
2024-03-12,3.9009307655923804,2.31,4.16
2024-03-13,3.9656814507267617,2.33,4.19
2024-03-14,4.0387591738297415,2.39,4.29
2024-03-15,4.0523486500010755,2.46,4.31
2024-03-18,4.041534031258223,2.48,4.34
2024-03-19,4.007712904712745,2.46,4.3
2024-03-20,3.9721833141689253,2.44,4.27
2024-03-21,3.950910156972669,2.41,4.27
2024-03-22,3.8990705472021716,2.39,4.22
2024-03-25,3.9538206109809684,2.36,4.25
2024-03-26,3.9338025077208485,2.36,4.24
2024-03-27,3.9077577834038784,2.35,4.2
2024-03-28,3.8916546165480552,2.33,4.2
2024-04-02,4.049402642781604,2.37,4.36
2024-04-03,4.039207400790687,2.41,4.36
2024-04-04,3.9754842171933973,2.39,4.31
2024-04-05,4.03939014090769,2.37,4.39
2024-04-08,4.055272513968234,2.46,4.42
2024-04-09,3.991168471927987,2.42,4.36
2024-04-10,4.093445149744047,2.37,4.55
2024-04-11,4.17693257086094,2.48,4.56
2024-04-12,4.0902351702268325,2.4,4.5
2024-04-15,4.203386235023961,2.41,4.63
2024-04-16,4.257780935385193,2.47,4.67
2024-04-17,4.235098943661724,2.5,4.59
2024-04-18,4.216414749883673,2.46,4.64
2024-04-19,4.210831358847253,2.48,4.62
2024-04-22,4.1683866271260985,2.55,4.62
2024-04-23,4.214929730053935,2.5,4.61
2024-04-24,4.292328668414767,2.56,4.65
2024-04-25,4.317525291052308,2.59,4.7
2024-04-26,4.279413469034588,2.62,4.67
2024-04-29,4.242257030172689,2.54,4.63
2024-04-30,4.315960554840627,2.56,4.69
2024-05-02,4.258659823262813,2.56,4.58
2024-05-03,4.197550670787214,2.55,4.5
2024-05-07,4.089344875915163,2.46,4.47
2024-05-08,4.092923416715785,2.45,4.48
2024-05-09,4.105298827539917,2.52,4.45
2024-05-10,4.12612284891664,2.48,4.5
2024-05-13,4.12534937965336,2.53,4.48
2024-05-14,4.126014301813365,2.52,4.45
2024-05-15,4.023247634300387,2.5,4.36
2024-05-16,4.01837665723118,2.45,4.38
2024-05-17,4.088642798908349,2.5,4.42
2024-05-20,4.132648114206961,2.54,4.44
2024-05-21,4.109049059407543,2.53,4.41
2024-05-22,4.189288315549496,2.55,4.43
2024-05-23,4.219033373007517,2.56,4.47
2024-05-24,4.213735296545208,2.59,4.46
2024-05-28,4.229447136753434,2.57,4.54
2024-05-29,4.347555316292373,2.63,4.61
2024-05-30,4.325252645454835,2.69,4.55
2024-05-31,4.26925030220779,2.71,4.51
2024-06-03,4.195000083506431,2.66,4.41
2024-06-04,4.144197855871342,2.58,4.33
2024-06-05,4.145461457462685,2.56,4.29
2024-06-06,4.13584621455551,2.55,4.28
2024-06-07,4.221589125974046,2.59,4.43
2024-06-10,4.286970359031315,2.65,4.47
2024-06-11,4.2327252625905505,2.67,4.39
2024-06-12,4.104393195799632,2.61,4.31
2024-06-13,4.11802642954151,2.56,4.24
2024-06-14,4.018583879987101,2.41,4.2
2024-06-17,4.076459801956783,2.42,4.28
2024-06-18,4.0313832063485275,2.43,4.22
2024-06-20,4.035125676331806,2.45,4.25
2024-06-21,4.053764654879172,2.39,4.25
2024-06-24,4.0571163061545565,2.43,4.25
2024-06-25,4.043868034659551,2.44,4.23
2024-06-26,4.110588147363253,2.46,4.32
2024-06-27,4.105397741120138,2.49,4.29
2024-06-28,4.153406513174174,2.49,4.36
2024-07-01,4.251024478063028,2.6,4.48
2024-07-02,4.224859646920241,2.62,4.43
2024-07-03,4.137677671230481,2.62,4.36
2024-07-05,4.103703867412763,2.59,4.28
2024-07-08,4.086565888539832,2.57,4.28
2024-07-09,4.142949512794744,2.56,4.3
2024-07-10,4.110624364283224,2.54,4.28
2024-07-11,4.055096300499685,2.55,4.2
2024-07-12,4.093617796982167,2.52,4.18
2024-07-15,4.080092881148705,2.48,4.23
2024-07-16,4.052799505260436,2.45,4.17
2024-07-17,4.057727461440132,2.42,4.16
2024-07-18,4.024267361166747,2.45,4.2
2024-07-19,4.102529358444853,2.43,4.25
2024-07-22,4.117259404117954,2.49,4.26
2024-07-23,4.116181960894851,2.47,4.25
2024-07-24,4.130200031033233,2.43,4.28
2024-07-25,4.1110089044279245,2.42,4.27
2024-07-26,4.084942569475037,2.45,4.2
2024-07-29,4.031726915379805,2.36,4.17
2024-07-30,4.026838984946421,2.37,4.15
2024-07-31,3.972066073372949,2.34,4.09
2024-08-01,3.8610250971870377,2.3,3.99
2024-08-02,3.836411174892689,2.23,3.8
2024-08-05,3.8450792984573425,2.14,3.78
2024-08-06,3.900000479712736,2.18,3.9
2024-08-07,3.9515334806846196,2.29,3.96
2024-08-08,3.9570532271490686,2.24,3.99
2024-08-09,3.929322600841482,2.26,3.94
2024-08-12,3.9252499248260597,2.25,3.9
2024-08-13,3.8686050073895,2.25,3.85
2024-08-14,3.8112102098595373,2.23,3.83
2024-08-15,3.9111433775875617,2.22,3.92
2024-08-16,3.909456601350706,2.26,3.89
2024-08-19,3.9267168827640675,2.24,3.86
2024-08-20,3.8990835889436903,2.26,3.82
2024-08-21,3.8863424162812783,2.24,3.79
2024-08-22,3.947786206203383,2.25,3.86
2024-08-23,3.896394583943811,2.28,3.81
2024-08-27,3.963211286928766,2.29,3.83
2024-08-28,3.969293994822943,2.28,3.84
2024-08-29,3.9903283011846336,2.26,3.87
2024-08-30,3.97100689476979,2.28,3.91
2024-09-03,3.9499903425285234,2.35,3.84
2024-09-04,3.897518489573847,2.27,3.77
2024-09-05,3.891648972412065,2.25,3.73
2024-09-06,3.8569792073966753,2.19,3.72
2024-09-09,3.8396150904143957,2.26,3.7
2024-09-10,3.80993614599671,2.19,3.65
2024-09-11,3.724518783963487,2.14,3.65
2024-09-12,3.7585133100287047,2.16,3.68
2024-09-13,3.749880187450068,2.16,3.66
2024-09-16,3.734357262003286,2.18,3.63
2024-09-17,3.748730728286899,2.13,3.65
2024-09-18,3.825351272370951,2.2,3.7
2024-09-19,3.866843139762237,2.23,3.73
2024-09-20,3.894336160002903,2.2,3.73
2024-09-23,3.914910085778028,2.19,3.75
2024-09-24,3.914573114422835,2.22,3.74
2024-09-25,3.9710023571975315,2.18,3.79
2024-09-26,3.967479762167246,2.17,3.79
2024-09-27,3.9752319055960776,2.16,3.75
2024-09-30,3.9914675950901937,2.2,3.81
2024-10-01,3.9204899765835237,2.1,3.74
2024-10-02,4.022782542804929,2.12,3.79
2024-10-03,3.9959055076000327,2.17,3.85
2024-10-04,4.112384422174613,2.2,3.98
2024-10-07,4.183817759670023,2.29,4.03
2024-10-08,4.17460958966737,2.29,4.04
2024-10-09,4.164357134184993,2.27,4.06
2024-10-10,4.210815723115686,2.31,4.09
2024-10-11,4.200436870772439,2.32,4.08
2024-10-15,4.145865856170509,2.26,4.03
2024-10-16,4.0432876072911395,2.23,4.02
2024-10-17,4.089690834673538,2.25,4.09
2024-10-18,4.050947617397806,2.24,4.08
2024-10-21,4.1116146066141654,2.27,4.19
2024-10-22,4.146401132770225,2.35,4.2
2024-10-23,4.20264369413811,2.35,4.24
2024-10-24,4.202249560280417,2.31,4.21
2024-10-25,4.1985567662771635,2.31,4.25
2024-10-28,4.23651866251227,2.32,4.28
2024-10-29,4.2856013608156385,2.35,4.28
2024-10-30,4.327070551692119,2.34,4.29
2024-10-31,4.409609318061359,2.44,4.28
2024-11-01,4.425887545539508,2.44,4.37
2024-11-04,4.416300604284019,2.46,4.31
2024-11-05,4.488309740594862,2.44,4.26
2024-11-06,4.536398861719611,2.42,4.42
2024-11-07,4.4680853016991975,2.5,4.31
2024-11-08,4.40521970401724,2.4,4.3
2024-11-12,4.445859329462462,2.33,4.43
2024-11-13,4.487148586845241,2.39,4.44
2024-11-14,4.471233034206866,2.41,4.43
2024-11-15,4.454532173484571,2.35,4.43
2024-11-18,4.453672967775521,2.41,4.42
2024-11-19,4.413939648546381,2.32,4.39
2024-11-20,4.456504521215331,2.38,4.41
2024-11-21,4.413231991386125,2.34,4.43
2024-11-22,4.373541446838784,2.26,4.41
2024-11-25,4.310773522501666,2.27,4.27
2024-11-26,4.336586918552865,2.23,4.3
2024-11-27,4.2854443152463,2.17,4.25
2024-11-29,4.233265400837236,2.14,4.18
2024-12-02,4.208583668977857,2.08,4.19
2024-12-03,4.224620999474604,2.09,4.23
2024-12-04,4.224274825719371,2.11,4.19
2024-12-05,4.256130542840252,2.1,4.17
2024-12-06,4.2633299886245615,2.15,4.15
2024-12-09,4.25296213315051,2.14,4.2
2024-12-10,4.302663410979397,2.15,4.22
2024-12-11,4.30027697742148,2.15,4.26
2024-12-12,4.326543144399631,2.19,4.32
2024-12-13,4.391324479644903,2.26,4.4
2024-12-16,4.423208191174448,2.27,4.39
2024-12-17,4.499868066344264,2.26,4.4
2024-12-18,4.537166175391155,2.27,4.5
2024-12-19,4.577345746514405,2.3,4.57
2024-12-20,4.5180566580012,2.32,4.52
2024-12-23,4.556898570308792,2.33,4.59
2024-12-27,4.62350315811287,2.41,4.62
2024-12-30,4.595881985733415,2.41,4.55
2025-01-02,4.577716196580962,2.38,4.57
2025-01-03,4.587559448001253,2.4,4.6
2025-01-06,4.615576129419549,2.47,4.62
2025-01-07,4.6744710623780765,2.48,4.67
2025-01-08,4.795131961387629,2.51,4.67
2025-01-09,4.798467195183955,2.56,4.68
2025-01-10,4.8468542692002075,2.59,4.77
2025-01-13,4.8724669895762815,2.63,4.79
2025-01-14,4.885628824659953,2.63,4.78
2025-01-15,4.707868336903507,2.64,4.66
2025-01-16,4.672534949939114,2.58,4.61
2025-01-17,4.648279875457174,2.54,4.61
2025-01-21,4.593327624007358,2.52,4.57
2025-01-22,4.599498174223123,2.51,4.6
2025-01-23,4.627323710328334,2.55,4.65
2025-01-24,4.627259832297698,2.59,4.63
2025-01-27,4.5778889333687784,2.53,4.53
2025-01-28,4.6109654385553185,2.56,4.55
2025-01-29,4.59841493447872,2.54,4.55
2025-01-30,4.560047215045188,2.53,4.52
2025-01-31,4.537867219974891,2.49,4.58
2025-02-03,4.49634070756813,2.41,4.54
2025-02-04,4.537437915642094,2.43,4.52
2025-02-05,4.442144723069657,2.36,4.43
2025-02-06,4.46849136922002,2.39,4.45
2025-02-07,4.493880289790843,2.38,4.49
2025-02-10,4.467803587348234,2.39,4.51
2025-02-11,4.526131899051082,2.41,4.54
2025-02-12,4.57450102862077,2.47,4.62
2025-02-13,4.490003169425469,2.48,4.52
2025-02-14,4.4990427751370365,2.44,4.47
2025-02-18,4.567338475822661,2.52,4.55
2025-02-19,4.6197708901931085,2.53,4.53
2025-02-20,4.624459347038312,2.56,4.5
2025-02-21,4.586423664107074,2.51,4.42
2025-02-24,4.559349818129532,2.48,4.4
2025-02-25,4.508441039195121,2.48,4.3
2025-02-26,4.5197071048420545,2.45,4.25
2025-02-27,4.533870614329137,2.45,4.29
2025-02-28,4.483536413274288,2.4,4.24
2025-03-03,4.546329798661704,2.47,4.16
2025-03-04,4.482067079367397,2.47,4.22
2025-03-05,4.662119992682151,2.69,4.28
2025-03-06,4.68436247395033,2.87,4.29
2025-03-07,4.624949189667124,2.83,4.32
2025-03-10,4.604994718718062,2.81,4.22
2025-03-11,4.645042397616699,2.87,4.28
2025-03-12,4.701811694874892,2.91,4.32
2025-03-13,4.6644559897627484,2.9,4.27
2025-03-14,4.6425029537185285,2.89,4.31
2025-03-17,4.602731294060009,2.82,4.31
2025-03-18,4.617861932971264,2.85,4.29
2025-03-19,4.612256778665086,2.79,4.25
2025-03-20,4.6322390806006135,2.78,4.24
2025-03-21,4.675998837929961,2.76,4.25
2025-03-24,4.70253674900776,2.8,4.34
2025-03-25,4.729382539001802,2.84,4.31
2025-03-26,4.702171913552059,2.81,4.35
2025-03-27,4.769920414938538,2.81,4.38
2025-03-28,4.688024280915662,2.75,4.27
2025-03-31,4.661087841876131,2.71,4.23
2025-04-01,4.621273273210549,2.7,4.17
2025-04-02,4.612997694215616,2.7,4.2
2025-04-03,4.500404179712501,2.67,4.06
2025-04-04,4.447897309677251,2.55,4.01
2025-04-07,4.598915592357022,2.47,4.15
2025-04-08,4.600613348252197,2.64,4.26
2025-04-09,4.741539220359375,2.62,4.34
2025-04-10,4.637884374994092,2.65,4.4
2025-04-11,4.744164174341832,2.56,4.48
2025-04-14,4.654922344474775,2.56,4.38
2025-04-15,4.642085298601677,2.51,4.35
2025-04-16,4.605809956533998,2.51,4.29
2025-04-17,4.561740169306086,2.54,4.34
2025-04-22,4.558704933757228,2.46,4.41
2025-04-23,4.559402807549052,2.48,4.4
2025-04-24,4.49795835170919,2.47,4.32
2025-04-25,4.490769738451161,2.49,4.29
2025-04-28,4.502608197884361,2.51,4.23
2025-04-29,4.480206035559738,2.51,4.19
2025-04-30,4.452917164951576,2.48,4.17
2025-05-02,4.488552042522899,2.48,4.33
2025-05-06,4.5213936332828935,2.56,4.3
2025-05-07,4.459731416655472,2.54,4.26
2025-05-08,4.522832775675511,2.52,4.37
2025-05-09,4.5615241290098405,2.6,4.37
2025-05-12,4.635531234664786,2.65,4.45
2025-05-13,4.653616070326347,2.7,4.49
2025-05-14,4.7162270506104,2.7,4.53
2025-05-15,4.671492124245317,2.7,4.45
2025-05-16,4.6471360932568135,2.6,4.43
2025-05-19,4.664950044076813,2.67,4.46
2025-05-20,4.7064644852692,2.58,4.48
2025-05-21,4.762341337781045,2.68,4.58
2025-05-22,4.774352972677474,2.67,4.54
2025-05-23,4.717407374393163,2.65,4.51
2025-05-27,4.691885504243747,2.55,4.43
2025-05-28,4.727539311157357,2.58,4.47
2025-05-29,4.666075226198552,2.59,4.43
2025-05-30,4.671180218083259,2.55,4.41
2025-06-02,4.663264640224137,2.57,4.46
2025-06-03,4.627371779009701,2.52,4.46
2025-06-04,4.6287893406521,2.55,4.37
2025-06-05,4.630996857341399,2.51,4.4
2025-06-06,4.646965630319886,2.57,4.51
2025-06-09,4.648310873887858,2.55,4.49
2025-06-10,4.559055361600732,2.57,4.47
2025-06-11,4.5673898767118315,2.57,4.41
2025-06-12,4.49662977070792,2.53,4.36
2025-06-13,4.559594280330762,2.52,4.41
2025-06-16,4.541755580295886,2.59,4.46
2025-06-17,4.549679149696629,2.57,4.39
2025-06-18,4.51029869311802,2.57,4.38
2025-06-20,4.547522435180895,2.55,4.38
2025-06-23,4.50146038677688,2.57,4.34
2025-06-24,4.464849199129984,2.58,4.3
2025-06-25,4.495710217687297,2.57,4.29
2025-06-26,4.486434236043797,2.58,4.26
2025-06-27,4.522896031000096,2.6,4.29
2025-06-30,4.513921282380313,2.6,4.24
2025-07-01,4.457871267261915,2.58,4.26
2025-07-02,4.612200656558351,2.62,4.3
2025-07-03,4.568078854230343,2.62,4.35
2025-07-07,4.600579211108627,2.61,4.4
2025-07-08,4.655302673438704,2.69,4.42
2025-07-09,4.6291717785621564,2.67,4.34
2025-07-10,4.623913897701281,2.67,4.35
2025-07-11,4.6539428725042535,2.72,4.43
2025-07-14,4.635126963407671,2.71,4.43
2025-07-15,4.667695097884725,2.68,4.5
2025-07-16,4.672844115433437,2.71,4.46
2025-07-17,4.679465743976921,2.69,4.47
2025-07-18,4.716676298859992,2.7,4.44
2025-07-21,4.643617407896537,2.65,4.38
2025-07-22,4.605065657819708,2.64,4.35
2025-07-23,4.6497608368222085,2.63,4.4
2025-07-24,4.667145768704087,2.67,4.43
2025-07-25,4.676874194245992,2.76,4.4
2025-07-28,4.681571388072941,2.7,4.42
2025-07-29,4.64860348180722,2.71,4.34
2025-07-30,4.630670734756831,2.7,4.38
2025-07-31,4.60229942595057,2.7,4.37
2025-08-01,4.572742230445991,2.72,4.23
2025-08-04,4.54581979579382,2.7,4.22
2025-08-05,4.537455380730584,2.64,4.22
2025-08-06,4.54655082466796,2.66,4.22
2025-08-07,4.573965657426829,2.64,4.23
2025-08-08,4.624092877563135,2.66,4.27
2025-08-11,4.592558854675078,2.69,4.27
2025-08-12,4.635470923265247,2.71,4.29
2025-08-13,4.615184399540324,2.71,4.24
2025-08-14,4.666680199919464,2.67,4.29
2025-08-15,4.717625164994864,2.75,4.33
2025-08-18,4.7748259054871465,2.76,4.34
2025-08-19,4.767905809126563,2.78,4.3
2025-08-20,4.710278073820964,2.74,4.29
2025-08-21,4.767962713826314,2.74,4.33
2025-08-22,4.7271064139975865,2.76,4.26
2025-08-26,4.782385728769874,2.74,4.26
2025-08-27,4.7658426441160415,2.71,4.24
2025-08-28,4.746203493404979,2.71,4.22
2025-08-29,4.768826970611897,2.72,4.23
2025-09-02,4.852691851712386,2.79,4.28
2025-09-03,4.80120903092506,2.79,4.22
2025-09-04,4.782596383449967,2.73,4.17
2025-09-05,4.698020626818514,2.73,4.1
2025-09-08,4.6606121402840355,2.68,4.05
2025-09-09,4.6801745946337965,2.68,4.08
2025-09-10,4.686366118878094,2.67,4.04
2025-09-11,4.6563339575219285,2.68,4.01
2025-09-12,4.7049293964775725,2.71,4.06
2025-09-15,4.680546243332296,2.71,4.05
2025-09-16,4.690256556294791,2.71,4.04
2025-09-17,4.668595025358488,2.7,4.06
2025-09-18,4.716077539375058,2.7,4.11
2025-09-19,4.767186000157019,2.75,4.14
2025-09-22,4.75380431104329,2.76,4.15
2025-09-23,4.743341866262027,2.77,4.12
2025-09-24,4.731353882270318,2.76,4.16
2025-09-25,4.800367446820696,2.76,4.18
2025-09-26,4.801775498606041,2.78,4.2
2025-09-29,4.7587827942044525,2.75,4.15
2025-09-30,4.762835190605581,2.73,4.16
2025-10-01,4.755877550669189,2.75,4.12
2025-10-02,4.769698155216199,2.73,4.1
2025-10-03,4.753452043203972,2.72,4.13
2025-10-06,4.785109864651178,2.74,4.18
2025-10-07,4.794594958132551,2.76,4.14
2025-10-08,4.769726363561681,2.72,4.13
2025-10-09,4.808588361570833,2.72,4.14
2025-10-10,4.7326488143282495,2.71,4.05
2025-10-14,4.6465968186811875,2.62,4.03
2025-10-15,4.596397674799728,2.61,4.05
2025-10-16,4.573288357496894,2.6,3.99
2025-10-17,4.596265707577339,2.58,4.02
2025-10-20,4.5732400090730305,2.62,4.0
2025-10-21,4.543292977367049,2.6,3.98
2025-10-22,4.479854818902298,2.58,3.97
2025-10-23,4.479190005327036,2.61,4.01
2025-10-24,4.491031729043259,2.64,4.02
2025-10-27,4.467564837825374,2.66,4.01
2025-10-28,4.461845954941333,2.64,3.99
2025-10-29,4.459479656918498,2.65,4.08
2025-10-30,4.471420350316273,2.67,4.11
2025-10-31,4.477307980685369,2.67,4.11
2025-11-03,4.507278932802223,2.67,4.13
2025-11-04,4.473480207728537,2.67,4.1
2025-11-05,4.5312195135618625,2.68,4.17
2025-11-06,4.50250775543973,2.69,4.11
2025-11-07,4.525123604184502,2.7,4.11
2025-11-10,4.521070085001918,2.7,4.13
2025-11-12,4.474160971960976,2.7,4.08
2025-11-13,4.505429647683546,2.68,4.11
2025-11-14,4.636921423261095,2.74,4.14
2025-11-17,4.610873275266146,2.74,4.13
2025-11-18,4.618791323955653,2.72,4.12
2025-11-19,4.683571312128241,2.74,4.13
2025-11-20,4.659264437772194,2.76,4.1
2025-11-21,4.614149634431268,2.72,4.06
2025-11-24,4.624088937232524,2.73,4.04
2025-11-25,4.570492305444939,2.73,4.01
2025-11-26,4.510920115106663,2.71,4.0
2025-11-28,4.533548757151312,2.72,4.02
2025-12-01,4.565277462099516,2.76,4.09
2025-12-02,4.568718423601366,2.79,4.09
2025-12-03,4.5227619446297425,2.79,4.06
2025-12-04,4.516114436616302,2.79,4.11
2025-12-05,4.557079028678588,2.82,4.14
2025-12-08,4.622770230322546,2.88,4.17
2025-12-09,4.5910383717969445,2.89,4.18
2025-12-10,4.594786305337523,2.92,4.13
2025-12-11,4.55675523664772,2.9,4.14
2025-12-12,4.600394537855356,2.9,4.19
2025-12-15,4.571528451591478,2.88,4.18
2025-12-16,4.599436396152745,2.89,4.15
2025-12-17,4.552704385591164,2.89,4.16
2025-12-18,4.559347296421199,2.89,4.12
2025-12-19,4.602259652560369,2.93,4.16
2025-12-22,4.624095304213962,2.94,4.17
2025-12-23,4.593904626596222,2.91,4.18
2025-12-29,4.575121569012152,2.9,4.12
2025-12-30,4.583820102727132,2.89,4.14
2026-01-02,4.626484542549445,2.91,4.19
2026-01-05,4.603328347062279,2.94,4.17
2026-01-06,4.5811148539737365,2.9,4.18
2026-01-07,4.5104403176399135,2.84,4.15
2026-01-08,4.506951443944098,2.88,4.19
2026-01-09,4.469734038330506,2.87,4.18
2026-01-12,4.464995250711192,2.87,4.19
2026-01-13,4.483894911406935,2.88,4.18
2026-01-14,4.448166754181149,2.86,4.15
2026-01-15,4.4734059761420175,2.83,4.17
2026-01-16,4.500418438800351,2.84,4.24
2026-01-20,4.557013681667537,2.9,4.3
2026-01-21,4.543794490208647,2.88,4.26
2026-01-22,4.5770227015428375,2.88,4.26
2026-01-23,4.592095287296492,2.91,4.24
2026-01-26,4.588525703534622,2.9,4.22
2026-01-27,4.617789686074891,2.9,4.24
2026-01-28,4.637743421190304,2.87,4.26
2026-01-29,4.606208540348957,2.87,4.24
2026-01-30,4.627391175595525,2.87,4.26
2026-02-02,4.61404221939848,2.87,4.29
2026-02-03,4.617787426950268,2.9,4.28
2026-02-04,4.642073544618521,2.9,4.29
2026-02-05,4.657410578163457,2.89,4.21
2026-02-06,4.638065482593509,2.85,4.22
2026-02-09,4.648018760178777,2.88,4.22
2026-02-10,4.6119325947949,2.85,4.16
2026-02-11,4.599113529955446,2.82,4.18
2026-02-12,4.561956180330087,2.82,4.09
2026-02-13,4.52215773274971,2.8,4.04
2026-02-17,4.489286248619139,2.76,4.05
2026-02-18,4.489107819050341,2.77,4.09
2026-02-19,4.488538051461226,2.78,4.08
2026-02-20,4.467316097471115,2.76,4.08
2026-02-23,4.4286300531624665,2.76,4.03
2026-02-24,4.42330741233414,2.73,4.04
2026-02-25,4.429097757836517,2.75,4.05
2026-02-26,4.3958015543573765,2.74,4.02
2026-02-27,4.351930609195932,2.71,3.97
2026-03-02,4.412464985847554,2.69,4.05
2026-03-03,4.555329397671693,2.82,4.06
2026-03-04,4.486466999519028,2.78,4.09
2026-03-05,4.5762120051547726,2.81,4.13
2026-03-06,4.70340940891731,2.87,4.15
2026-03-09,4.666753508354413,2.91,4.12
2026-03-10,4.596616573006339,2.87,4.15
2026-03-11,4.7341337537265655,2.92,4.21
2026-03-12,4.816233790922558,2.96,4.27
2026-03-13,4.854443184171123,2.97,4.28
2026-03-16,4.793902535240976,2.98,4.23
2026-03-17,4.7352617149231655,2.95,4.2
2026-03-18,4.784952235241257,2.91,4.26
2026-03-19,4.854795970880194,3.01,4.25
2026-03-20,4.9960347709969115,3.02,4.39
2026-03-23,4.950506687698709,3.1,4.34
2026-03-24,4.9534340869821145,3.05,4.39
2026-03-25,4.847347459463268,3.01,4.33
2026-03-26,4.966154257501001,3.06,4.42
2026-03-27,5.009783312349838,3.15,4.44
2026-03-30,4.957855234640258,3.12,4.35
2026-03-31,4.944189405467784,3.06,4.3
2026-04-01,4.865661255667611,2.99,4.33
2026-04-02,4.859848705107134,3.07,4.31
2026-04-07,4.956056345038398,3.04,4.33
2026-04-08,4.747994234941901,2.96,4.29
2026-04-09,4.837152881681208,3.03,4.29
2026-04-10,4.84927461160389,3.07,4.31
2026-04-13,4.901611212441653,3.11,4.3
2026-04-14,4.830731205040569,3.09,4.26
2026-04-15,4.834806927687747,3.07,4.29
2026-04-16,4.887250410231807,3.07,4.32
2026-04-17,4.79750656010039,3.07,4.26
2026-04-20,4.884020495037445,3.03,4.26
2026-04-21,4.920309900450583,3.01,4.3
2026-04-22,4.927930235913444,3.04,4.3
2026-04-23,4.961563044327379,3.07,4.34
2026-04-24,4.967341232046425,3.07,4.31
2026-04-27,5.014256931183401,3.05,4.35
2026-04-28,5.04142676021496,3.1,4.36
2026-04-29,5.092945511275442,3.12,4.42
2026-04-30,5.055708273106803,3.15,4.4
2026-05-05,5.109938355191975,3.11,4.43
2026-05-06,4.98102756887954,3.04,4.36
2026-05-07,4.969123620268883,3.04,4.41
2026-05-08,4.954534992718093,3.04,4.38
2026-05-11,5.042581779468216,3.07,4.42
2026-05-12,5.1384075994746405,3.13,4.46
2026-05-13,5.113920997902159,3.13,4.46
2026-05-14,5.048319260773613,3.12,4.47
2026-05-15,5.213767626233579,3.15,4.59
2026-05-18,5.187879343828143,3.21,4.61
2026-05-19,5.165527285593403,3.19,4.67
2026-05-20,5.0391001647043785,3.2,4.57
2026-05-21,5.008076448084152,3.12,4.57
2026-05-22,4.943668701272067,3.1,4.56
2026-05-26,4.922442218597964,3.02,4.5
2026-05-27,4.908667959191254,3.0,4.48
2026-05-28,4.867794355610642,3.04,4.45
2026-05-29,4.8604466572133465,3.0,4.45
2026-06-01,4.94956031522978,3.03,4.47
2026-06-02,4.908426324463476,3.0,4.46
2026-06-03,4.96770092596111,3.06,4.49
2026-06-04,4.9553157902270435,3.08,4.47
2026-06-05,4.952549791954893,3.07,4.55
2026-06-08,4.988255718528314,3.11,4.56
2026-06-09,4.963440155187436,3.09,4.53
2026-06-10,4.97693431408608,3.1,4.55
2026-06-11,4.954848377486277,3.11,4.45
2026-06-12,4.89965447100484,3.03,4.48
2026-06-15,4.87672420080066,3.0,4.47
2026-06-16,4.862747143216998,2.98,4.43
2026-06-17,4.823479238455189,2.97,4.49
2026-06-18,4.800057707569514,2.98,4.46
2026-06-22,4.861984287932917,3.02,4.51
2026-06-23,4.80967697658888,2.98,4.5
2026-06-24,4.743843291921323,2.95,4.41
2026-06-25,4.762577619596979,2.92,4.4
2026-06-26,4.795014823722592,2.9,4.38
2026-06-29,4.7813808275481895,2.91,4.38
2026-06-30,4.826749107236511,2.9,4.44
2026-07-01,4.830054802515342,2.93,4.48
2026-07-02,4.837033481460478,2.97,4.49
2026-07-06,4.858159044038841,2.98,4.48
2026-07-07,4.897287351199506,3.03,4.55
2026-07-08,5.035648073597881,3.12,4.56
2026-07-09,4.975078706926774,3.13,4.54
2026-07-10,4.951162478078606,3.09,4.56
2026-07-13,5.028196033758737,3.11,4.62
2026-07-14,5.014106531486539,3.14,4.58
2026-07-15,5.0138156714730675,3.15,4.55
2026-07-16,5.037610298884109,3.17,4.57
2026-07-17,5.013893132702349,3.15,4.55
2026-07-20,5.093882625602918,3.16,4.6
2026-07-21,5.092963165462118,3.17,4.63
2026-07-22,5.103199386708677,3.19,4.67
2026-07-23,5.168286623894329,3.22,4.71
2026-07-24,5.099101000334615,3.21,4.69
2026-07-27,5.048882799046961,3.16,4.65
2026-07-28,5.018604614345725,3.14,4.61
2026-07-29,5.077929424519178,3.15,4.67
2026-07-30,5.077978561621027,3.2,4.68
2026-07-31,5.1039949579875055,3.18,4.75
2026-08-03,5.021030928121406,3.17,4.7
2026-08-04,4.987182325837251,3.19,4.63
2026-08-05,4.956253824036943,3.12,4.63
2026-08-06,4.993869273656854,3.14,4.69
2026-08-07,4.994469121105159,3.17,4.65
2026-08-10,5.052864799588587,3.16,4.72
2026-08-11,5.0273514202057905,3.22,4.7
2026-08-12,5.043772188476838,3.18,4.68
2026-08-13,5.026872379892298,3.17,4.63
2026-08-14,5.093112874939583,3.18,4.68
2026-08-17,5.127111073671096,3.23,4.72
2026-08-18,5.151350056203219,3.28,4.71
2026-08-19,5.123668174269356,3.29,4.65
2026-08-20,5.127613632223023,3.28,4.69
2026-08-21,5.133994674613545,3.27,4.74
2026-08-24,5.131775771099112,3.27,4.7
2026-08-25,5.077462816082794,3.27,4.64
2026-08-26,5.092881515940677,3.22,4.66
2026-08-27,5.105452483748789,3.18,4.67
2026-08-28,5.141024630541783,3.2,4.73
2026-09-01,5.206769107002752,3.28,4.79
2026-09-02,5.241632590662038,3.41,4.79
